year,month,region,"co2, tons","trees, pcs"
2015,1,Вінницька,1077.032,40927
2015,2,Вінницька,856.557,32549
2015,3,Вінницька,846.821,32179
2015,4,Вінницька,651.401,24753
2015,5,Вінницька,561.009,21318
2015,6,Вінницька,549.503,20881
2015,7,Вінницька,525.749,19978
2015,8,Вінницька,569.638,21646
2015,9,Вінницька,547.014,20786
2015,10,Вінницька,653.319,24826
2015,11,Вінницька,754.773,28681
2015,12,Вінницька,806.949,30664
2016,1,Вінницька,1122.755,42664
2016,2,Вінницька,892.921,33930
2016,3,Вінницька,882.771,33545
2016,4,Вінницька,679.055,25804
2016,5,Вінницька,584.825,22223
2016,6,Вінницька,572.831,21767
2016,7,Вінницька,548.068,20826
2016,8,Вінницька,593.821,22565
2016,9,Вінницька,570.237,21668
2016,10,Вінницька,681.055,25880
2016,11,Вінницька,786.815,29898
2016,12,Вінницька,841.207,31965
2017,1,Вінницька,1066.554,40529
2017,2,Вінницька,848.224,32232
2017,3,Вінницька,838.582,31866
2017,4,Вінницька,645.064,24512
2017,5,Вінницька,555.551,21110
2017,6,Вінницька,544.157,20677
2017,7,Вінницька,520.634,19784
2017,8,Вінницька,564.096,21435
2017,9,Вінницька,541.692,20584
2017,10,Вінницька,646.963,24584
2017,11,Вінницька,747.430,28402
2017,12,Вінницька,799.099,30365
2018,1,Вінницька,1103.189,41921
2018,2,Вінницька,877.360,33339
2018,3,Вінницька,867.386,32960
2018,4,Вінницька,667.221,25354
2018,5,Вінницька,574.633,21836
2018,6,Вінницька,562.848,21388
2018,7,Вінницька,538.517,20463
2018,8,Вінницька,583.472,22171
2018,9,Вінницька,560.299,21291
2018,10,Вінницька,669.185,25429
2018,11,Вінницька,773.103,29377
2018,12,Вінницька,826.547,31408
2019,1,Вінницька,1059.191,40249
2019,2,Вінницька,842.369,32010
2019,3,Вінницька,832.794,31646
2019,4,Вінницька,640.611,24343
2019,5,Вінницька,551.716,20965
2019,6,Вінницька,540.400,20535
2019,7,Вінницька,517.040,19647
2019,8,Вінницька,560.202,21287
2019,9,Вінницька,537.953,20442
2019,10,Вінницька,642.497,24414
2019,11,Вінницька,742.270,28206
2019,12,Вінницька,793.582,30156
2015,1,Волинська,697.609,26509
2015,2,Волинська,554.804,21082
2015,3,Волинська,548.498,20842
2015,4,Волинська,421.922,16033
2015,5,Волинська,363.373,13808
2015,6,Волинська,355.921,13524
2015,7,Волинська,340.535,12940
2015,8,Волинська,368.963,14020
2015,9,Волинська,354.309,13463
2015,10,Волинська,423.164,16080
2015,11,Волинська,488.877,18577
2015,12,Волинська,522.672,19861
2016,1,Волинська,731.551,27798
2016,2,Волинська,581.798,22108
2016,3,Волинська,575.185,21857
2016,4,Волинська,442.450,16813
2016,5,Волинська,381.053,14480
2016,6,Волинська,373.238,14183
2016,7,Волинська,357.103,13569
2016,8,Волинська,386.914,14702
2016,9,Волинська,371.548,14118
2016,10,Волинська,443.753,16862
2016,11,Волинська,512.663,19481
2016,12,Волинська,548.103,20827
2017,1,Волинська,699.109,26566
2017,2,Волинська,555.997,21127
2017,3,Волинська,549.677,20887
2017,4,Волинська,422.829,16067
2017,5,Волинська,364.155,13837
2017,6,Волинська,356.686,13554
2017,7,Волинська,341.267,12968
2017,8,Волинська,369.756,14050
2017,9,Волинська,355.071,13492
2017,10,Волинська,424.074,16114
2017,11,Волинська,489.928,18617
2017,12,Волинська,523.796,19904
2018,1,Волинська,727.515,27645
2018,2,Волинська,578.589,21986
2018,3,Волинська,572.012,21736
2018,4,Волинська,440.010,16720
2018,5,Волинська,378.951,14400
2018,6,Волинська,371.179,14104
2018,7,Волинська,355.134,13495
2018,8,Волинська,384.780,14621
2018,9,Волинська,369.498,14040
2018,10,Волинська,441.305,16769
2018,11,Волинська,509.835,19373
2018,12,Волинська,545.079,20713
2019,1,Волинська,702.789,26705
2019,2,Волинська,558.924,21239
2019,3,Волинська,552.571,20997
2019,4,Волинська,425.055,16152
2019,5,Волинська,366.071,13910
2019,6,Волинська,358.564,13625
2019,7,Волинська,343.064,13036
2019,8,Волинська,371.702,14124
2019,9,Волинська,356.940,13563
2019,10,Волинська,426.306,16199
2019,11,Волинська,492.507,18715
2019,12,Волинська,526.554,20009
2015,1,Дніпропетровська,2191.160,83264
2015,2,Дніпропетровська,1742.618,66219
2015,3,Дніпропетровська,1722.809,65466
2015,4,Дніпропетровська,1325.239,50359
2015,5,Дніпропетровська,1141.340,43370
2015,6,Дніпропетровська,1117.932,42481
2015,7,Дніпропетровська,1069.606,40645
2015,8,Дніпропетровська,1158.896,44038
2015,9,Дніпропетровська,1112.869,42289
2015,10,Дніпропетровська,1329.141,50507
2015,11,Дніпропетровська,1535.542,58350
2015,12,Дніпропетровська,1641.693,62384
2016,1,Дніпропетровська,2288.789,86973
2016,2,Дніпропетровська,1820.261,69169
2016,3,Дніпропетровська,1799.570,68383
2016,4,Дніпропетровська,1384.286,52602
2016,5,Дніпропетровська,1192.193,45303
2016,6,Дніпропетровська,1167.742,44374
2016,7,Дніпропетровська,1117.263,42455
2016,8,Дніпропетровська,1210.532,46000
2016,9,Дніпропетровська,1162.454,44173
2016,10,Дніпропетровська,1388.361,52757
2016,11,Дніпропетровська,1603.960,60950
2016,12,Дніпропетровська,1714.839,65163
2017,1,Дніпропетровська,2178.668,82789
2017,2,Дніпропетровська,1732.682,65841
2017,3,Дніпропетровська,1712.986,65093
2017,4,Дніпропетровська,1317.684,50071
2017,5,Дніпропетровська,1134.833,43123
2017,6,Дніпропетровська,1111.558,42239
2017,7,Дніпропетровська,1063.508,40413
2017,8,Дніпропетровська,1152.289,43786
2017,9,Дніпропетровська,1106.525,42047
2017,10,Дніпропетровська,1321.563,50219
2017,11,Дніпропетровська,1526.788,58017
2017,12,Дніпропетровська,1632.333,62028
2018,1,Дніпропетровська,2258.180,85810
2018,2,Дніпропетровська,1795.918,68244
2018,3,Дніпропетровська,1775.503,67469
2018,4,Дніпропетровська,1365.774,51899
2018,5,Дніпропетровська,1176.250,44697
2018,6,Дніпропетровська,1152.125,43780
2018,7,Дніпропетровська,1102.321,41888
2018,8,Дніпропетровська,1194.343,45385
2018,9,Дніпропетровська,1146.908,43582
2018,10,Дніпропетровська,1369.794,52052
2018,11,Дніпропетровська,1582.509,60135
2018,12,Дніпропетровська,1691.906,64292
2019,1,Дніпропетровська,2172.686,82562
2019,2,Дніпропетровська,1727.925,65661
2019,3,Дніпропетровська,1708.283,64914
2019,4,Дніпропетровська,1314.066,49934
2019,5,Дніпропетровська,1131.717,43005
2019,6,Дніпропетровська,1108.506,42123
2019,7,Дніпропетровська,1060.588,40302
2019,8,Дніпропетровська,1149.125,43666
2019,9,Дніпропетровська,1103.486,41932
2019,10,Дніпропетровська,1317.934,50081
2019,11,Дніпропетровська,1522.596,57858
2019,12,Дніпропетровська,1627.851,61858
2015,1,Донецька,2873.542,109194
2015,2,Донецька,2285.311,86841
2015,3,Донецька,2259.334,85854
2015,4,Донецька,1737.951,66042
2015,5,Донецька,1496.782,56877
2015,6,Донецька,1466.083,55711
2015,7,Донецька,1402.707,53302
2015,8,Донецька,1519.805,57752
2015,9,Донецька,1459.444,55458
2015,10,Донецька,1743.068,66236
2015,11,Донецька,2013.748,76522
2015,12,Донецька,2152.956,81812
2016,1,Донецька,2996.806,113878
2016,2,Донецька,2383.343,90567
2016,3,Донецька,2356.251,89537
2016,4,Донецька,1812.503,68875
2016,5,Донецька,1560.988,59317
2016,6,Донецька,1528.973,58100
2016,7,Донецька,1462.878,55589
2016,8,Донецька,1584.999,60229
2016,9,Донецька,1522.049,57837
2016,10,Донецька,1817.839,69077
2016,11,Донецька,2100.130,79804
2016,12,Донецька,2245.310,85321
2017,1,Донецька,2848.025,108224
2017,2,Донецька,2265.018,86070
2017,3,Донецька,2239.271,85092
2017,4,Донецька,1722.519,65455
2017,5,Донецька,1483.490,56372
2017,6,Донецька,1453.065,55216
2017,7,Донецька,1390.252,52829
2017,8,Донецька,1506.310,57239
2017,9,Донецька,1446.485,54966
2017,10,Донецька,1727.590,65648
2017,11,Донецька,1995.866,75842
2017,12,Донецька,2133.838,81085
2018,1,Донецька,2947.144,111991
2018,2,Донецька,2343.847,89066
2018,3,Донецька,2317.204,88053
2018,4,Донецька,1782.467,67733
2018,5,Донецька,1535.120,58334
2018,6,Донецька,1503.635,57138
2018,7,Донецька,1438.636,54668
2018,8,Донецька,1558.733,59231
2018,9,Донецька,1496.826,56879
2018,10,Донецька,1787.714,67933
2018,11,Донецька,2065.328,78482
2018,12,Донецька,2208.101,83907
2019,1,Донецька,2830.869,107573
2019,2,Донецька,2251.374,85552
2019,3,Донецька,2225.782,84579
2019,4,Донецька,1712.142,65061
2019,5,Донецька,1474.554,56033
2019,6,Донецька,1444.312,54883
2019,7,Донецька,1381.877,52511
2019,8,Донецька,1497.236,56894
2019,9,Донецька,1437.771,54635
2019,10,Донецька,1717.183,65252
2019,11,Донецька,1983.843,75386
2019,12,Донецька,2120.984,80597
2015,1,Житомирська,839.929,31917
2015,2,Житомирська,667.991,25383
2015,3,Житомирська,660.397,25095
2015,4,Житомирська,507.999,19303
2015,5,Житомирська,437.505,16625
2015,6,Житомирська,428.532,16284
2015,7,Житомирська,410.008,15580
2015,8,Житомирська,444.235,16880
2015,9,Житомирська,426.592,16210
2015,10,Житомирська,509.494,19360
2015,11,Житомирська,588.613,22367
2015,12,Житомирська,629.303,23913
2016,1,Житомирська,876.018,33288
2016,2,Житомирська,696.693,26474
2016,3,Житомирська,688.773,26173
2016,4,Житомирська,529.826,20133
2016,5,Житомирська,456.304,17339
2016,6,Житомирська,446.945,16983
2016,7,Житомирська,427.625,16249
2016,8,Житомирська,463.323,17606
2016,9,Житомирська,444.921,16907
2016,10,Житомирська,531.386,20192
2016,11,Житомирська,613.905,23328
2016,12,Житомирська,656.343,24941
2017,1,Житомирська,832.585,31638
2017,2,Житомирська,662.150,25161
2017,3,Житомирська,654.623,24875
2017,4,Житомирська,503.557,19135
2017,5,Житомирська,433.680,16479
2017,6,Житомирська,424.786,16141
2017,7,Житомирська,406.423,15444
2017,8,Житомирська,440.351,16733
2017,9,Житомирська,422.862,16068
2017,10,Житомирська,505.040,19191
2017,11,Житомирська,583.467,22171
2017,12,Житомирська,623.801,23704
2018,1,Житомирська,861.622,32741
2018,2,Житомирська,685.243,26039
2018,3,Житомирська,677.454,25743
2018,4,Житомирська,521.119,19802
2018,5,Житомирська,448.805,17054
2018,6,Житомирська,439.600,16704
2018,7,Житомирська,420.597,15982
2018,8,Житомирська,455.709,17316
2018,9,Житомирська,437.610,16629
2018,10,Житомирська,522.653,19860
2018,11,Житомирська,603.816,22944
2018,12,Житомирська,645.557,24531
2019,1,Житомирська,827.687,31452
2019,2,Житомирська,658.255,25013
2019,3,Житомирська,650.773,24729
2019,4,Житомирська,500.595,19022
2019,5,Житомирська,431.129,16382
2019,6,Житомирська,422.287,16046
2019,7,Житомирська,404.032,15353
2019,8,Житомирська,437.761,16634
2019,9,Житомирська,420.374,15974
2019,10,Житомирська,502.069,19078
2019,11,Житомирська,580.035,22041
2019,12,Житомирська,620.132,23565
2015,1,Закарпатська,842.553,32017
2015,2,Закарпатська,670.078,25462
2015,3,Закарпатська,662.461,25173
2015,4,Закарпатська,509.586,19364
2015,5,Закарпатська,438.872,16677
2015,6,Закарпатська,429.871,16335
2015,7,Закарпатська,411.289,15628
2015,8,Закарпатська,445.623,16933
2015,9,Закарпатська,427.925,16261
2015,10,Закарпатська,511.086,19421
2015,11,Закарпатська,590.452,22437
2015,12,Закарпатська,631.269,23988
2016,1,Закарпатська,884.690,33618
2016,2,Закарпатська,703.589,26736
2016,3,Закарпатська,695.591,26432
2016,4,Закарпатська,535.071,20332
2016,5,Закарпатська,460.821,17511
2016,6,Закарпатська,451.369,17152
2016,7,Закарпатська,431.858,16410
2016,8,Закарпатська,467.909,17780
2016,9,Закарпатська,449.325,17074
2016,10,Закарпатська,536.646,20392
2016,11,Закарпатська,619.981,23559
2016,12,Закарпатська,662.840,25187
2017,1,Закарпатська,846.553,32169
2017,2,Закарпатська,673.259,25583
2017,3,Закарпатська,665.606,25293
2017,4,Закарпатська,512.005,19456
2017,5,Закарпатська,440.956,16756
2017,6,Закарпатська,431.912,16412
2017,7,Закарпатська,413.242,15703
2017,8,Закарпатська,447.739,17014
2017,9,Закарпатська,429.956,16338
2017,10,Закарпатська,513.513,19513
2017,11,Закарпатська,593.256,22543
2017,12,Закарпатська,634.267,24102
2018,1,Закарпатська,882.097,33519
2018,2,Закарпатська,701.527,26658
2018,3,Закарпатська,693.553,26354
2018,4,Закарпатська,533.503,20273
2018,5,Закарпатська,459.470,17459
2018,6,Закарпатська,450.047,17101
2018,7,Закарпатська,430.592,16362
2018,8,Закарпатська,466.538,17728
2018,9,Закарпатська,448.009,17024
2018,10,Закарпатська,535.073,20332
2018,11,Закарпатська,618.165,23490
2018,12,Закарпатська,660.897,25114
2019,1,Закарпатська,853.230,32422
2019,2,Закарпатська,678.569,25785
2019,3,Закарпатська,670.855,25492
2019,4,Закарпатська,516.043,19609
2019,5,Закарпатська,444.434,16888
2019,6,Закарпатська,435.318,16542
2019,7,Закарпатська,416.500,15827
2019,8,Закарпатська,451.270,17148
2019,9,Закарпатська,433.347,16467
2019,10,Закарпатська,517.562,19667
2019,11,Закарпатська,597.934,22721
2019,12,Закарпатська,639.269,24292
2015,1,Запорізька,1180.946,44875
2015,2,Запорізька,939.200,35689
2015,3,Запорізька,928.524,35283
2015,4,Запорізька,714.250,27141
2015,5,Запорізька,615.136,23375
2015,6,Запорізька,602.520,22895
2015,7,Запорізька,576.474,21906
2015,8,Запорізька,624.598,23734
2015,9,Запорізька,599.791,22792
2015,10,Запорізька,716.353,27221
2015,11,Запорізька,827.595,31448
2015,12,Запорізька,884.805,33622
2016,1,Запорізька,1230.079,46743
2016,2,Запорізька,978.275,37174
2016,3,Запорізька,967.155,36751
2016,4,Запорізька,743.966,28270
2016,5,Запорізька,640.728,24347
2016,6,Запорізька,627.587,23848
2016,7,Запорізька,600.458,22817
2016,8,Запорізька,650.584,24722
2016,9,Запорізька,624.745,23740
2016,10,Запорізька,746.156,28353
2016,11,Запорізька,862.027,32757
2016,12,Запорізька,921.617,35021
2017,1,Запорізька,1167.538,44366
2017,2,Запорізька,928.536,35284
2017,3,Запорізька,917.981,34883
2017,4,Запорізька,706.140,26833
2017,5,Запорізька,608.152,23109
2017,6,Запорізька,595.679,22635
2017,7,Запорізька,569.929,21657
2017,8,Запорізька,617.506,23465
2017,9,Запорізька,592.981,22533
2017,10,Запорізька,708.219,26912
2017,11,Запорізька,818.198,31091
2017,12,Запорізька,874.759,33240
2018,1,Запорізька,1206.624,45851
2018,2,Запорізька,959.621,36465
2018,3,Запорізька,948.713,36051
2018,4,Запорізька,729.780,27731
2018,5,Запорізька,628.511,23883
2018,6,Запорізька,615.621,23393
2018,7,Запорізька,589.009,22382
2018,8,Запорізька,638.179,24250
2018,9,Запорізька,612.833,23287
2018,10,Запорізька,731.929,27813
2018,11,Запорізька,845.590,32132
2018,12,Запорізька,904.044,34353
2019,1,Запорізька,1157.509,43985
2019,2,Запорізька,920.560,34981
2019,3,Запорізька,910.096,34583
2019,4,Запорізька,700.075,26602
2019,5,Запорізька,602.928,22911
2019,6,Запорізька,590.562,22441
2019,7,Запорізька,565.033,21471
2019,8,Запорізька,612.202,23263
2019,9,Запорізька,587.888,22339
2019,10,Запорізька,702.136,26681
2019,11,Запорізька,811.170,30824
2019,12,Запорізька,867.245,32955
2015,1,Івано-Франківська,924.836,35143
2015,2,Івано-Франківська,735.517,27949
2015,3,Івано-Франківська,727.156,27631
2015,4,Івано-Франківська,559.351,21255
2015,5,Івано-Франківська,481.732,18305
2015,6,Івано-Франківська,471.852,17930
2015,7,Івано-Франківська,451.455,17155
2015,8,Івано-Франківська,489.142,18587
2015,9,Івано-Франківська,469.715,17849
2015,10,Івано-Франківська,560.998,21317
2015,11,Івано-Франківська,648.115,24628
2015,12,Івано-Франківська,692.919,26330
2016,1,Івано-Франківська,969.915,36856
2016,2,Івано-Франківська,771.368,29311
2016,3,Івано-Франківська,762.599,28978
2016,4,Івано-Франківська,586.616,22291
2016,5,Івано-Франківська,505.213,19198
2016,6,Івано-Франківська,494.851,18804
2016,7,Івано-Франківська,473.460,17991
2016,8,Івано-Франківська,512.984,19493
2016,9,Івано-Франківська,492.610,18719
2016,10,Івано-Франківська,588.343,22357
2016,11,Івано-Франківська,679.706,25828
2016,12,Івано-Франківська,726.693,27614
2017,1,Івано-Франківська,926.981,35225
2017,2,Івано-Франківська,737.223,28014
2017,3,Івано-Франківська,728.842,27696
2017,4,Івано-Франківська,560.649,21304
2017,5,Івано-Франківська,482.849,18348
2017,6,Івано-Франківська,472.946,17971
2017,7,Івано-Франківська,452.502,17195
2017,8,Івано-Франківська,490.277,18630
2017,9,Івано-Франківська,470.805,17890
2017,10,Івано-Франківська,562.299,21367
2017,11,Івано-Франківська,649.618,24685
2017,12,Івано-Франківська,694.526,26391
2018,1,Івано-Франківська,964.728,36659
2018,2,Івано-Франківська,767.243,29155
2018,3,Івано-Франківська,758.521,28823
2018,4,Івано-Франківська,583.479,22172
2018,5,Івано-Франківська,502.511,19095
2018,6,Івано-Франківська,492.205,18703
2018,7,Івано-Франківська,470.928,17895
2018,8,Івано-Франківська,510.241,19389
2018,9,Івано-Франківська,489.976,18619
2018,10,Івано-Франківська,585.196,22237
2018,11,Івано-Франківська,676.071,25690
2018,12,Івано-Франківська,722.807,27466
2019,1,Івано-Франківська,932.019,35416
2019,2,Івано-Франківська,741.229,28166
2019,3,Івано-Франківська,732.804,27846
2019,4,Івано-Франківська,563.696,21420
2019,5,Івано-Франківська,485.474,18447
2019,6,Івано-Франківська,475.517,18069
2019,7,Івано-Франківська,454.961,17288
2019,8,Івано-Франківська,492.941,18731
2019,9,Івано-Франківська,473.363,17987
2019,10,Івано-Франківська,565.355,21483
2019,11,Івано-Франківська,653.149,24819
2019,12,Івано-Франківська,698.300,26535
2015,1,Київська,1156.664,43953
2015,2,Київська,919.889,34955
2015,3,Київська,909.432,34558
2015,4,Київська,699.564,26583
2015,5,Київська,602.488,22894
2015,6,Київська,590.131,22424
2015,7,Київська,564.621,21455
2015,8,Київська,611.755,23246
2015,9,Київська,587.459,22323
2015,10,Київська,701.624,26661
2015,11,Київська,810.578,30801
2015,12,Київська,866.613,32931
2016,1,Київська,1222.997,46473
2016,2,Київська,972.643,36960
2016,3,Київська,961.587,36540
2016,4,Київська,739.683,28107
2016,5,Київська,637.040,24207
2016,6,Київська,623.974,23711
2016,7,Київська,597.001,22686
2016,8,Київська,646.839,24579
2016,9,Київська,621.149,23603
2016,10,Київська,741.861,28190
2016,11,Київська,857.064,32568
2016,12,Київська,916.312,34819
2017,1,Київська,1178.414,44779
2017,2,Київська,937.186,35613
2017,3,Київська,926.533,35208
2017,4,Київська,712.719,27083
2017,5,Київська,613.817,23325
2017,6,Київська,601.228,22846
2017,7,Київська,575.238,21859
2017,8,Київська,623.259,23683
2017,9,Київська,598.505,22743
2017,10,Київська,714.817,27163
2017,11,Київська,825.820,31381
2017,12,Київська,882.908,33550
2018,1,Київська,1236.386,46982
2018,2,Київська,983.290,37365
2018,3,Київська,972.113,36940
2018,4,Київська,747.780,28415
2018,5,Київська,644.013,24472
2018,6,Київська,630.805,23970
2018,7,Київська,603.536,22934
2018,8,Київська,653.920,24848
2018,9,Київська,627.948,23862
2018,10,Київська,749.982,28499
2018,11,Київська,866.446,32924
2018,12,Київська,926.342,35201
2019,1,Київська,1204.155,45757
2019,2,Київська,957.657,36390
2019,3,Київська,946.771,35977
2019,4,Київська,728.287,27674
2019,5,Київська,627.225,23834
2019,6,Київська,614.361,23345
2019,7,Київська,587.803,22336
2019,8,Київська,636.873,24201
2019,9,Київська,611.579,23239
2019,10,Київська,730.431,27756
2019,11,Київська,843.859,32066
2019,12,Київська,902.194,34283
2015,1,Кіровоградська,655.706,24916
2015,2,Кіровоградська,521.479,19816
2015,3,Кіровоградська,515.552,19590
2015,4,Кіровоградська,396.579,15069
2015,5,Кіровоградська,341.547,12978
2015,6,Кіровоградська,334.542,12712
2015,7,Кіровоградська,320.080,12163
2015,8,Кіровоградська,346.801,13178
2015,9,Кіровоградська,333.027,12655
2015,10,Кіровоградська,397.746,15114
2015,11,Кіровоградська,459.512,17461
2015,12,Кіровоградська,491.278,18668
2016,1,Кіровоградська,682.438,25932
2016,2,Кіровоградська,542.739,20624
2016,3,Кіровоградська,536.569,20389
2016,4,Кіровоградська,412.746,15684
2016,5,Кіровоградська,355.471,13507
2016,6,Кіровоградська,348.180,13230
2016,7,Кіровоградська,333.129,12658
2016,8,Кіровоградська,360.939,13715
2016,9,Кіровоградська,346.604,13170
2016,10,Кіровоградська,413.961,15730
2016,11,Кіровоградська,478.245,18173
2016,12,Кіровоградська,511.306,19429
2017,1,Кіровоградська,647.210,24593
2017,2,Кіровоградська,514.722,19559
2017,3,Кіровоградська,508.871,19337
2017,4,Кіровоградська,391.440,14874
2017,5,Кіровоградська,337.121,12810
2017,6,Кіровоградська,330.207,12547
2017,7,Кіровоградська,315.933,12005
2017,8,Кіровоградська,342.307,13007
2017,9,Кіровоградська,328.712,12491
2017,10,Кіровоградська,392.592,14918
2017,11,Кіровоградська,453.558,17235
2017,12,Кіровоградська,484.912,18426
2018,1,Кіровоградська,668.318,25396
2018,2,Кіровоградська,531.510,20197
2018,3,Кіровоградська,525.468,19967
2018,4,Кіровоградська,404.206,15359
2018,5,Кіровоградська,348.116,13228
2018,6,Кіровоградська,340.976,12957
2018,7,Кіровоградська,326.237,12396
2018,8,Кіровоградська,353.471,13431
2018,9,Кіровоградська,339.432,12898
2018,10,Кіровоградська,405.396,15405
2018,11,Кіровоградська,468.350,17797
2018,12,Кіровоградська,500.727,19027
2019,1,Кіровоградська,640.569,24341
2019,2,Кіровоградська,509.441,19358
2019,3,Кіровоградська,503.650,19138
2019,4,Кіровоградська,387.423,14722
2019,5,Кіровоградська,333.662,12679
2019,6,Кіровоградська,326.819,12419
2019,7,Кіровоградська,312.691,11882
2019,8,Кіровоградська,338.794,12874
2019,9,Кіровоградська,325.339,12362
2019,10,Кіровоградська,388.564,14765
2019,11,Кіровоградська,448.904,17058
2019,12,Кіровоградська,479.936,18237
2015,1,Луганська,1484.595,56414
2015,2,Луганська,1180.690,44866
2015,3,Луганська,1167.269,44356
2015,4,Луганська,897.900,34120
2015,5,Луганська,773.302,29385
2015,6,Луганська,757.442,28782
2015,7,Луганська,724.699,27538
2015,8,Луганська,785.197,29837
2015,9,Луганська,754.012,28652
2015,10,Луганська,900.544,34220
2015,11,Луганська,1040.389,39534
2015,12,Луганська,1112.309,42267
2016,1,Луганська,1548.473,58841
2016,2,Луганська,1231.491,46796
2016,3,Луганська,1217.493,46264
2016,4,Луганська,936.534,35588
2016,5,Луганська,806.574,30649
2016,6,Луганська,790.032,30021
2016,7,Луганська,755.880,28723
2016,8,Луганська,818.981,31121
2016,9,Луганська,786.454,29885
2016,10,Луганська,939.291,35693
2016,11,Луганська,1085.153,41235
2016,12,Луганська,1160.169,44086
2017,1,Луганська,1471.783,55927
2017,2,Луганська,1170.501,44479
2017,3,Луганська,1157.196,43973
2017,4,Луганська,890.152,33825
2017,5,Луганська,766.628,29131
2017,6,Луганська,750.905,28534
2017,7,Луганська,718.445,27300
2017,8,Луганська,778.421,29579
2017,9,Луганська,747.505,28405
2017,10,Луганська,892.772,33925
2017,11,Луганська,1031.410,39193
2017,12,Луганська,1102.711,41902
2018,1,Луганська,1523.202,57881
2018,2,Луганська,1211.394,46032
2018,3,Луганська,1197.624,45509
2018,4,Луганська,921.250,35007
2018,5,Луганська,793.411,30149
2018,6,Луганська,777.139,29531
2018,7,Луганська,743.545,28254
2018,8,Луганська,805.616,30613
2018,9,Луганська,773.620,29397
2018,10,Луганська,923.962,35110
2018,11,Луганська,1067.444,40562
2018,12,Луганська,1141.235,43366
2019,1,Луганська,1463.298,55605
2019,2,Луганська,1163.753,44222
2019,3,Луганська,1150.524,43719
2019,4,Луганська,885.020,33630
2019,5,Луганська,762.209,28963
2019,6,Луганська,746.576,28369
2019,7,Луганська,714.303,27143
2019,8,Луганська,773.933,29409
2019,9,Луганська,743.195,28241
2019,10,Луганська,887.625,33729
2019,11,Луганська,1025.464,38967
2019,12,Луганська,1096.353,41661
2015,1,Львівська,1697.315,64497
2015,2,Львівська,1349.865,51294
2015,3,Львівська,1334.521,50711
2015,4,Львівська,1026.556,39009
2015,5,Львівська,884.104,33595
2015,6,Львівська,865.972,32906
2015,7,Львівська,828.537,31484
2015,8,Львівська,897.703,34112
2015,9,Львівська,862.050,32757
2015,10,Львівська,1029.578,39123
2015,11,Львівська,1189.461,45199
2015,12,Львівська,1271.687,48324
2016,1,Львівська,1780.221,67648
2016,2,Львівська,1415.800,53800
2016,3,Львівська,1399.706,53188
2016,4,Львівська,1076.698,40914
2016,5,Львівська,927.288,35236
2016,6,Львівська,908.270,34514
2016,7,Львівська,869.007,33022
2016,8,Львівська,941.552,35778
2016,9,Львівська,904.157,34357
2016,10,Львівська,1079.868,41034
2016,11,Львівська,1247.560,47407
2016,12,Львівська,1333.803,50684
2017,1,Львівська,1701.585,64660
2017,2,Львівська,1353.261,51423
2017,3,Львівська,1337.878,50839
2017,4,Львівська,1029.139,39107
2017,5,Львівська,886.328,33680
2017,6,Львівська,868.150,32989
2017,7,Львівська,830.622,31563
2017,8,Львівська,899.962,34198
2017,9,Львівська,864.219,32840
2017,10,Львівська,1032.168,39222
2017,11,Львівська,1192.453,45313
2017,12,Львівська,1274.886,48445
2018,1,Львівська,1771.049,67299
2018,2,Львівська,1408.505,53523
2018,3,Львівська,1392.495,52914
2018,4,Львівська,1071.151,40703
2018,5,Львівська,922.511,35055
2018,6,Львівська,903.591,34336
2018,7,Львівська,864.530,32852
2018,8,Львівська,936.701,35594
2018,9,Львівська,899.499,34180
2018,10,Львівська,1074.305,40823
2018,11,Львівська,1241.133,47163
2018,12,Львівська,1326.931,50423
2019,1,Львівська,1711.171,65024
2019,2,Львівська,1360.885,51713
2019,3,Львівська,1345.415,51125
2019,4,Львівська,1034.936,39327
2019,5,Львівська,891.322,33870
2019,6,Львівська,873.041,33175
2019,7,Львівська,835.301,31741
2019,8,Львівська,905.032,34391
2019,9,Львівська,869.088,33025
2019,10,Львівська,1037.983,39443
2019,11,Львівська,1199.171,45568
2019,12,Львівська,1282.068,48718
2015,1,Миколаївська,778.669,29589
2015,2,Миколаївська,619.271,23532
2015,3,Миколаївська,612.231,23264
2015,4,Миколаївська,470.948,17896
2015,5,Миколаївська,405.596,15412
2015,6,Миколаївська,397.277,15096
2015,7,Миколаївська,380.104,14443
2015,8,Миколаївська,411.835,15649
2015,9,Миколаївська,395.478,15028
2015,10,Миколаївська,472.334,17948
2015,11,Миколаївська,545.683,20735
2015,12,Миколаївська,583.405,22169
2016,1,Миколаївська,812.104,30859
2016,2,Миколаївська,645.861,24542
2016,3,Миколаївська,638.520,24263
2016,4,Миколаївська,491.170,18664
2016,5,Миколаївська,423.012,16074
2016,6,Миколаївська,414.336,15744
2016,7,Миколаївська,396.425,15064
2016,8,Миколаївська,429.519,16321
2016,9,Миколаївська,412.460,15673
2016,10,Миколаївська,492.616,18719
2016,11,Миколаївська,569.114,21626
2016,12,Миколаївська,608.456,23121
2017,1,Миколаївська,771.817,29329
2017,2,Миколаївська,613.822,23325
2017,3,Миколаївська,606.844,23060
2017,4,Миколаївська,466.804,17738
2017,5,Миколаївська,402.027,15277
2017,6,Миколаївська,393.782,14963
2017,7,Миколаївська,376.759,14316
2017,8,Миколаївська,408.211,15512
2017,9,Миколаївська,391.999,14895
2017,10,Миколаївська,468.178,17790
2017,11,Миколаївська,540.881,20553
2017,12,Миколаївська,578.272,21974
2018,1,Миколаївська,798.712,30351
2018,2,Миколаївська,635.211,24138
2018,3,Миколаївська,627.990,23863
2018,4,Миколаївська,483.070,18356
2018,5,Миколаївська,416.036,15809
2018,6,Миколаївська,407.503,15485
2018,7,Миколаївська,389.888,14815
2018,8,Миколаївська,422.436,16052
2018,9,Миколаївська,405.658,15415
2018,10,Миколаївська,484.492,18410
2018,11,Миколаївська,559.729,21269
2018,12,Миколаївська,598.422,22740
2019,1,Миколаївська,767.232,29154
2019,2,Миколаївська,610.175,23186
2019,3,Миколаївська,603.239,22923
2019,4,Миколаївська,464.031,17633
2019,5,Миколаївська,399.639,15186
2019,6,Миколаївська,391.443,14874
2019,7,Миколаївська,374.521,14231
2019,8,Миколаївська,405.786,15419
2019,9,Миколаївська,389.670,14807
2019,10,Миколаївська,465.397,17685
2019,11,Миколаївська,537.668,20431
2019,12,Миколаївська,574.837,21843
2015,1,Одеська,1602.743,60904
2015,2,Одеська,1274.653,48436
2015,3,Одеська,1260.163,47886
2015,4,Одеська,969.358,36835
2015,5,Одеська,834.843,31724
2015,6,Одеська,817.721,31073
2015,7,Одеська,782.372,29730
2015,8,Одеська,847.685,32212
2015,9,Одеська,814.018,30932
2015,10,Одеська,972.211,36944
2015,11,Одеська,1123.186,42681
2015,12,Одеська,1200.830,45631
2016,1,Одеська,1681.785,63907
2016,2,Одеська,1337.514,50825
2016,3,Одеська,1322.310,50247
2016,4,Одеська,1017.163,38652
2016,5,Одеська,876.015,33288
2016,6,Одеська,858.048,32605
2016,7,Одеська,820.956,31196
2016,8,Одеська,889.490,33800
2016,9,Одеська,854.162,32458
2016,10,Одеська,1020.157,38765
2016,11,Одеська,1178.577,44785
2016,12,Одеська,1260.051,47881
2017,1,Одеська,1608.222,61112
2017,2,Одеська,1279.010,48602
2017,3,Одеська,1264.471,48049
2017,4,Одеська,972.671,36961
2017,5,Одеська,837.697,31832
2017,6,Одеська,820.516,31179
2017,7,Одеська,785.047,29831
2017,8,Одеська,850.582,32322
2017,9,Одеська,816.800,31038
2017,10,Одеська,975.535,37070
2017,11,Одеська,1127.025,42826
2017,12,Одеська,1204.935,45787
2018,1,Одеська,1674.632,63636
2018,2,Одеська,1331.825,50609
2018,3,Одеська,1316.686,50034
2018,4,Одеська,1012.837,38487
2018,5,Одеська,872.289,33146
2018,6,Одеська,854.399,32467
2018,7,Одеська,817.465,31063
2018,8,Одеська,885.706,33656
2018,9,Одеська,850.529,32320
2018,10,Одеська,1015.818,38601
2018,11,Одеська,1173.564,44595
2018,12,Одеська,1254.692,47678
2019,1,Одеська,1618.748,61512
2019,2,Одеська,1287.382,48920
2019,3,Одеська,1272.748,48364
2019,4,Одеська,979.038,37203
2019,5,Одеська,843.180,32040
2019,6,Одеська,825.887,31383
2019,7,Одеська,790.185,30027
2019,8,Одеська,856.150,32533
2019,9,Одеська,822.147,31241
2019,10,Одеська,981.920,37312
2019,11,Одеська,1134.402,43107
2019,12,Одеська,1212.822,46087
2015,1,Полтавська,968.913,36818
2015,2,Полтавська,770.571,29281
2015,3,Полтавська,761.812,28948
2015,4,Полтавська,586.010,22268
2015,5,Полтавська,504.691,19178
2015,6,Полтавська,494.340,18784
2015,7,Полтавська,472.971,17972
2015,8,Полтавська,512.454,19473
2015,9,Полтавська,492.102,18699
2015,10,Полтавська,587.735,22333
2015,11,Полтавська,679.004,25802
2015,12,Полтавська,725.943,27585
2016,1,Полтавська,1009.598,38364
2016,2,Полтавська,802.927,30511
2016,3,Полтавська,793.800,30164
2016,4,Полтавська,610.616,23203
2016,5,Полтавська,525.883,19983
2016,6,Полтавська,515.098,19573
2016,7,Полтавська,492.831,18727
2016,8,Полтавська,533.972,20290
2016,9,Полтавська,512.765,19485
2016,10,Полтавська,612.414,23271
2016,11,Полтавська,707.515,26885
2016,12,Полтавська,756.425,28744
2017,1,Полтавська,958.627,36427
2017,2,Полтавська,762.391,28970
2017,3,Полтавська,753.724,28641
2017,4,Полтавська,579.789,22031
2017,5,Полтавська,499.333,18974
2017,6,Полтавська,489.092,18585
2017,7,Полтавська,467.950,17782
2017,8,Полтавська,507.014,19266
2017,9,Полтавська,486.877,18501
2017,10,Полтавська,581.496,22096
2017,11,Полтавська,671.796,25528
2017,12,Полтавська,718.236,27292
2018,1,Полтавська,991.099,37661
2018,2,Полтавська,788.216,29952
2018,3,Полтавська,779.256,29611
2018,4,Полтавська,599.428,22778
2018,5,Полтавська,516.248,19617
2018,6,Полтавська,505.660,19215
2018,7,Полтавська,483.801,18384
2018,8,Полтавська,524.189,19919
2018,9,Полтавська,503.370,19128
2018,10,Полтавська,601.193,22845
2018,11,Полтавська,694.552,26392
2018,12,Полтавська,742.565,28217
2019,1,Полтавська,951.127,36142
2019,2,Полтавська,756.426,28744
2019,3,Полтавська,747.828,28417
2019,4,Полтавська,575.253,21859
2019,5,Полтавська,495.427,18826
2019,6,Полтавська,485.266,18440
2019,7,Полтавська,464.289,17642
2019,8,Полтавська,503.048,19115
2019,9,Полтавська,483.069,18356
2019,10,Полтавська,576.946,21923
2019,11,Полтавська,666.540,25328
2019,12,Полтавська,712.617,27079
2015,1,Рівненська,776.736,29515
2015,2,Рівненська,617.734,23473
2015,3,Рівненська,610.712,23207
2015,4,Рівненська,469.779,17851
2015,5,Рівненська,404.589,15374
2015,6,Рівненська,396.291,15059
2015,7,Рівненська,379.161,14408
2015,8,Рівненська,410.813,15610
2015,9,Рівненська,394.497,14990
2015,10,Рівненська,471.162,17904
2015,11,Рівненська,544.329,20684
2015,12,Рівненська,581.957,22114
2016,1,Рівненська,815.166,30976
2016,2,Рівненська,648.297,24635
2016,3,Рівненська,640.928,24355
2016,4,Рівненська,493.022,18734
2016,5,Рівненська,424.607,16135
2016,6,Рівненська,415.899,15804
2016,7,Рівненська,397.920,15120
2016,8,Рівненська,431.138,16383
2016,9,Рівненська,414.015,15732
2016,10,Рівненська,494.474,18789
2016,11,Рівненська,571.260,21707
2016,12,Рівненська,610.751,23208
2017,1,Рівненська,779.630,29625
2017,2,Рівненська,620.035,23561
2017,3,Рівненська,612.987,23293
2017,4,Рівненська,471.529,17918
2017,5,Рівненська,406.096,15431
2017,6,Рівненська,397.768,15115
2017,7,Рівненська,380.573,14461
2017,8,Рівненська,412.343,15669
2017,9,Рівненська,395.966,15046
2017,10,Рівненська,472.917,17970
2017,11,Рівненська,546.356,20761
2017,12,Рівненська,584.125,22196
2018,1,Рівненська,811.948,30854
2018,2,Рівненська,645.738,24538
2018,3,Рівненська,638.398,24259
2018,4,Рівненська,491.076,18660
2018,5,Рівненська,422.931,16071
2018,6,Рівненська,414.257,15741
2018,7,Рівненська,396.349,15061
2018,8,Рівненська,429.436,16318
2018,9,Рівненська,412.381,15670
2018,10,Рівненська,492.521,18715
2018,11,Рівненська,569.005,21622
2018,12,Рівненська,608.339,23116
2019,1,Рівненська,784.974,29829
2019,2,Рівненська,624.285,23722
2019,3,Рівненська,617.189,23453
2019,4,Рівненська,474.761,18040
2019,5,Рівненська,408.880,15537
2019,6,Рівненська,400.494,15218
2019,7,Рівненська,383.182,14560
2019,8,Рівненська,415.170,15776
2019,9,Рівненська,398.681,15149
2019,10,Рівненська,476.159,18094
2019,11,Рівненська,550.101,20903
2019,12,Рівненська,588.129,22348
2015,1,Сумська,751.198,28545
2015,2,Сумська,597.423,22702
2015,3,Сумська,590.632,22444
2015,4,Сумська,454.333,17264
2015,5,Сумська,391.287,14868
2015,6,Сумська,383.262,14563
2015,7,Сумська,366.694,13934
2015,8,Сумська,397.306,15097
2015,9,Сумська,381.526,14497
2015,10,Сумська,455.671,17315
2015,11,Сумська,526.432,20004
2015,12,Сумська,562.823,21387
2016,1,Сумська,781.723,29705
2016,2,Сумська,621.700,23624
2016,3,Сумська,614.633,23356
2016,4,Сумська,472.795,17966
2016,5,Сумська,407.187,15473
2016,6,Сумська,398.836,15155
2016,7,Сумська,381.595,14500
2016,8,Сумська,413.450,15711
2016,9,Сумська,397.029,15087
2016,10,Сумська,474.187,18019
2016,11,Сумська,547.823,20817
2016,12,Сумська,585.693,22256
2017,1,Сумська,741.273,28168
2017,2,Сумська,589.530,22402
2017,3,Сумська,582.829,22147
2017,4,Сумська,448.330,17036
2017,5,Сумська,386.117,14672
2017,6,Сумська,378.198,14371
2017,7,Сумська,361.849,13750
2017,8,Сумська,392.056,14898
2017,9,Сумська,376.485,14306
2017,10,Сумська,449.650,17086
2017,11,Сумська,519.476,19740
2017,12,Сумська,555.387,21104
2018,1,Сумська,765.348,29083
2018,2,Сумська,608.677,23129
2018,3,Сумська,601.758,22866
2018,4,Сумська,462.891,17589
2018,5,Сумська,398.657,15148
2018,6,Сумська,390.481,14838
2018,7,Сумська,373.601,14196
2018,8,Сумська,404.789,15381
2018,9,Сумська,388.713,14771
2018,10,Сумська,464.254,17641
2018,11,Сумська,536.348,20381
2018,12,Сумська,573.425,21790
2019,1,Сумська,733.470,27871
2019,2,Сумська,583.325,22166
2019,3,Сумська,576.694,21914
2019,4,Сумська,443.611,16857
2019,5,Сумська,382.053,14518
2019,6,Сумська,374.217,14220
2019,7,Сумська,358.040,13605
2019,8,Сумська,387.929,14741
2019,9,Сумська,372.522,14155
2019,10,Сумська,444.917,16906
2019,11,Сумська,514.008,19532
2019,12,Сумська,549.541,20882
2015,1,Тернопільська,715.613,27193
2015,2,Тернопільська,569.123,21626
2015,3,Тернопільська,562.654,21380
2015,4,Тернопільська,432.811,16446
2015,5,Тернопільська,372.751,14164
2015,6,Тернопільська,365.106,13874
2015,7,Тернопільська,349.323,13274
2015,8,Тернопільська,378.485,14382
2015,9,Тернопільська,363.453,13811
2015,10,Тернопільська,434.085,16495
2015,11,Тернопільська,501.494,19056
2015,12,Тернопільська,536.162,20374
2016,1,Тернопільська,747.690,28412
2016,2,Тернопільська,594.634,22596
2016,3,Тернопільська,587.874,22339
2016,4,Тернопільська,452.212,17184
2016,5,Тернопільська,389.460,14799
2016,6,Тернопільська,381.472,14495
2016,7,Тернопільська,364.982,13869
2016,8,Тернопільська,395.451,15027
2016,9,Тернопільська,379.745,14430
2016,10,Тернопільська,453.543,17234
2016,11,Тернопільська,523.974,19910
2016,12,Тернопільська,560.195,21287
2017,1,Тернопільська,711.902,27052
2017,2,Тернопільська,566.172,21514
2017,3,Тернопільська,559.736,21269
2017,4,Тернопільська,430.567,16361
2017,5,Тернопільська,370.818,14091
2017,6,Тернопільська,363.213,13802
2017,7,Тернопільська,347.512,13205
2017,8,Тернопільська,376.522,14307
2017,9,Тернопільська,361.568,13739
2017,10,Тернопільська,431.834,16409
2017,11,Тернопільська,498.894,18957
2017,12,Тернопільська,533.382,20268
2018,1,Тернопільська,738.079,28046
2018,2,Тернопільська,586.990,22305
2018,3,Тернопільська,580.317,22052
2018,4,Тернопільська,446.398,16963
2018,5,Тернопільська,384.453,14609
2018,6,Тернопільська,376.568,14309
2018,7,Тернопільська,360.290,13691
2018,8,Тернопільська,390.367,14833
2018,9,Тернопільська,374.863,14244
2018,10,Тернопільська,447.713,17013
2018,11,Тернопільська,517.238,19655
2018,12,Тернопільська,552.994,21013
2019,1,Тернопільська,710.325,26992
2019,2,Тернопільська,564.918,21466
2019,3,Тернопільська,558.496,21222
2019,4,Тернопільська,429.613,16325
2019,5,Тернопільська,369.997,14059
2019,6,Тернопільська,362.408,13771
2019,7,Тернопільська,346.742,13176
2019,8,Тернопільська,375.688,14276
2019,9,Тернопільська,360.767,13709
2019,10,Тернопільська,430.878,16373
2019,11,Тернопільська,497.788,18915
2019,12,Тернопільська,532.200,20223
2015,1,Харківська,1826.630,69411
2015,2,Харківська,1452.708,55202
2015,3,Харківська,1436.195,54575
2015,4,Харківська,1104.767,41981
2015,5,Харківська,951.462,36155
2015,6,Харківська,931.948,35414
2015,7,Харківська,891.662,33883
2015,8,Харківська,966.097,36711
2015,9,Харківська,927.728,35253
2015,10,Харківська,1108.019,42104
2015,11,Харківська,1280.083,48643
2015,12,Харківська,1368.574,52005
2016,1,Харківська,1909.486,72560
2016,2,Харківська,1518.603,57706
2016,3,Харківська,1501.341,57050
2016,4,Харківська,1154.879,43885
2016,5,Харківська,994.620,37795
2016,6,Харківська,974.221,37020
2016,7,Харківська,932.107,35420
2016,8,Харківська,1009.920,38376
2016,9,Харківська,969.809,36852
2016,10,Харківська,1158.279,44014
2016,11,Харківська,1338.148,50849
2016,12,Харківська,1430.652,54364
2017,1,Харківська,1819.030,69123
2017,2,Харківська,1446.664,54973
2017,3,Харківська,1430.219,54348
2017,4,Харківська,1100.170,41806
2017,5,Харківська,947.503,36005
2017,6,Харківська,928.070,35266
2017,7,Харківська,887.952,33742
2017,8,Харківська,962.078,36558
2017,9,Харківська,923.868,35106
2017,10,Харківська,1103.409,41929
2017,11,Харківська,1274.757,48440
2017,12,Харківська,1362.879,51789
2018,1,Харківська,1886.902,71702
2018,2,Харківська,1500.643,57024
2018,3,Харківська,1483.585,56376
2018,4,Харківська,1141.220,43366
2018,5,Харківська,982.857,37348
2018,6,Харківська,962.699,36582
2018,7,Харківська,921.084,35001
2018,8,Харківська,997.975,37923
2018,9,Харківська,958.340,36416
2018,10,Харківська,1144.580,43494
2018,11,Харківська,1322.322,50248
2018,12,Харківська,1413.732,53721
2019,1,Харківська,1816.912,69042
2019,2,Харківська,1444.980,54909
2019,3,Харківська,1428.555,54285
2019,4,Харківська,1098.890,41757
2019,5,Харківська,946.400,35963
2019,6,Харківська,926.990,35225
2019,7,Харківська,886.918,33702
2019,8,Харківська,960.958,36516
2019,9,Харківська,922.792,35066
2019,10,Харківська,1102.125,41880
2019,11,Харківська,1273.273,48384
2019,12,Харківська,1361.293,51729
2015,1,Херсонська,714.155,27137
2015,2,Херсонська,567.963,21582
2015,3,Херсонська,561.507,21337
2015,4,Херсонська,431.929,16413
2015,5,Херсонська,371.992,14135
2015,6,Херсонська,364.362,13845
2015,7,Херсонська,348.612,13247
2015,8,Херсонська,377.714,14353
2015,9,Херсонська,362.712,13783
2015,10,Херсонська,433.201,16461
2015,11,Херсонська,500.472,19017
2015,12,Херсонська,535.069,20332
2016,1,Херсонська,744.921,28306
2016,2,Херсонська,592.431,22512
2016,3,Херсонська,585.697,22256
2016,4,Херсонська,450.537,17120
2016,5,Херсонська,388.017,14744
2016,6,Херсонська,380.059,14442
2016,7,Херсонська,363.630,13817
2016,8,Херсонська,393.986,14971
2016,9,Херсонська,378.338,14376
2016,10,Херсонська,451.863,17170
2016,11,Херсонська,522.033,19837
2016,12,Херсонська,558.120,21208
2017,1,Херсонська,708.065,26906
2017,2,Херсонська,563.120,21398
2017,3,Херсонська,556.719,21155
2017,4,Херсонська,428.246,16273
2017,5,Херсонська,368.820,14015
2017,6,Херсонська,361.255,13727
2017,7,Херсонська,345.639,13134
2017,8,Херсонська,374.493,14230
2017,9,Херсонська,359.619,13665
2017,10,Херсонська,429.507,16321
2017,11,Херсонська,496.205,18855
2017,12,Херсонська,530.507,20159
2018,1,Херсонська,732.841,27847
2018,2,Херсонська,582.825,22147
2018,3,Херсонська,576.199,21895
2018,4,Херсонська,443.231,16842
2018,5,Херсонська,381.725,14505
2018,6,Херсонська,373.896,14208
2018,7,Херсонська,357.733,13593
2018,8,Херсонська,387.597,14728
2018,9,Херсонська,372.203,14143
2018,10,Херсонська,444.536,16892
2018,11,Херсонська,513.568,19515
2018,12,Херсонська,549.070,20864
2019,1,Херсонська,704.058,26754
2019,2,Херсонська,559.934,21277
2019,3,Херсонська,553.569,21035
2019,4,Херсонська,425.823,16181
2019,5,Херсонська,366.733,13935
2019,6,Херсонська,359.211,13650
2019,7,Херсонська,343.683,13059
2019,8,Херсонська,372.374,14150
2019,9,Херсонська,357.585,13588
2019,10,Херсонська,427.076,16228
2019,11,Херсонська,493.397,18749
2019,12,Херсонська,527.505,20045
2015,1,Хмельницька,870.213,33068
2015,2,Хмельницька,692.076,26298
2015,3,Хмельницька,684.209,25999
2015,4,Хмельницька,526.315,19999
2015,5,Хмельницька,453.280,17224
2015,6,Хмельницька,443.983,16871
2015,7,Хмельницька,424.791,16142
2015,8,Хмельницька,460.252,17489
2015,9,Хмельницька,441.973,16794
2015,10,Хмельницька,527.864,20058
2015,11,Хмельницька,609.836,23173
2015,12,Хмельницька,651.993,24775
2016,1,Хмельницька,908.030,34505
2016,2,Хмельницька,722.151,27441
2016,3,Хмельницька,713.942,27129
2016,4,Хмельницька,549.187,20869
2016,5,Хмельницька,472.978,17973
2016,6,Хмельницька,463.278,17604
2016,7,Хмельницька,443.251,16843
2016,8,Хмельницька,480.254,18249
2016,9,Хмельницька,461.180,17524
2016,10,Хмельницька,550.804,20930
2016,11,Хмельницька,636.338,24180
2016,12,Хмельницька,680.327,25852
2017,1,Хмельницька,863.420,32809
2017,2,Хмельницька,686.673,26093
2017,3,Хмельницька,678.868,25796
2017,4,Хмельницька,522.207,19843
2017,5,Хмельницька,449.742,17090
2017,6,Хмельницька,440.518,16739
2017,7,Хмельницька,421.475,16016
2017,8,Хмельницька,456.660,17353
2017,9,Хмельницька,438.523,16663
2017,10,Хмельницька,523.744,19902
2017,11,Хмельницька,605.076,22992
2017,12,Хмельницька,646.904,24582
2018,1,Хмельницька,893.965,33970
2018,2,Хмельницька,710.965,27016
2018,3,Хмельницька,702.883,26709
2018,4,Хмельницька,540.680,20545
2018,5,Хмельницька,465.652,17694
2018,6,Хмельницька,456.102,17331
2018,7,Хмельницька,436.385,16582
2018,8,Хмельницька,472.815,17966
2018,9,Хмельницька,454.036,17253
2018,10,Хмельницька,542.272,20606
2018,11,Хмельницька,626.481,23806
2018,12,Хмельницька,669.789,25451
2019,1,Хмельницька,859.178,32648
2019,2,Хмельницька,683.299,25965
2019,3,Хмельницька,675.532,25670
2019,4,Хмельницька,519.641,19746
2019,5,Хмельницька,447.532,17006
2019,6,Хмельницька,438.353,16657
2019,7,Хмельницька,419.404,15937
2019,8,Хмельницька,454.416,17267
2019,9,Хмельницька,436.368,16581
2019,10,Хмельницька,521.171,19804
2019,11,Хмельницька,602.103,22879
2019,12,Хмельницька,643.726,24461
2015,1,Черкаська,837.078,31808
2015,2,Черкаська,665.724,25297
2015,3,Черкаська,658.156,25009
2015,4,Черкаська,506.275,19238
2015,5,Черкаська,436.021,16568
2015,6,Черкаська,427.078,16228
2015,7,Черкаська,408.616,15527
2015,8,Черкаська,442.728,16823
2015,9,Черкаська,425.144,16155
2015,10,Черкаська,507.765,19295
2015,11,Черкаська,586.616,22291
2015,12,Черкаська,627.168,23832
2016,1,Черкаська,871.355,33111
2016,2,Черкаська,692.983,26333
2016,3,Черкаська,685.106,26034
2016,4,Черкаська,527.005,20026
2016,5,Черкаська,453.875,17247
2016,6,Черкаська,444.566,16893
2016,7,Черкаська,425.348,16163
2016,8,Черкаська,460.856,17512
2016,9,Черкаська,442.553,16816
2016,10,Черкаська,528.557,20085
2016,11,Черкаська,610.636,23204
2016,12,Черкаська,652.849,24808
2017,1,Черкаська,826.520,31407
2017,2,Черкаська,657.327,24978
2017,3,Черкаська,649.855,24694
2017,4,Черкаська,499.889,18995
2017,5,Черкаська,430.521,16359
2017,6,Черкаська,421.691,16024
2017,7,Черкаська,403.462,15331
2017,8,Черкаська,437.143,16611
2017,9,Черкаська,419.782,15951
2017,10,Черкаська,501.361,19051
2017,11,Черкаська,579.217,22010
2017,12,Черкаська,619.257,23531
2018,1,Черкаська,853.630,32437
2018,2,Черкаська,678.887,25797
2018,3,Черкаська,671.170,25504
2018,4,Черкаська,516.285,19618
2018,5,Черкаська,444.642,16896
2018,6,Черкаська,435.523,16549
2018,7,Черкаська,416.696,15834
2018,8,Черкаська,451.482,17156
2018,9,Черкаська,433.551,16474
2018,10,Черкаська,517.805,19676
2018,11,Черкаська,598.215,22732
2018,12,Черкаська,639.569,24303
2019,1,Черкаська,818.336,31096
2019,2,Черкаська,650.818,24731
2019,3,Черкаська,643.420,24449
2019,4,Черкаська,494.939,18807
2019,5,Черкаська,426.258,16197
2019,6,Черкаська,417.516,15865
2019,7,Черкаська,399.467,15179
2019,8,Черкаська,432.815,16446
2019,9,Черкаська,415.625,15793
2019,10,Черкаська,496.396,18863
2019,11,Черкаська,573.482,21792
2019,12,Черкаська,613.126,23298
2015,1,Чернівецька,608.623,23127
2015,2,Чернівецька,484.034,18393
2015,3,Чернівецька,478.532,18184
2015,4,Чернівецька,368.102,13987
2015,5,Чернівецька,317.022,12046
2015,6,Чернівецька,310.520,11799
2015,7,Чернівецька,297.097,11289
2015,8,Чернівецька,321.898,12232
2015,9,Чернівецька,309.114,11746
2015,10,Чернівецька,369.186,14029
2015,11,Чернівецька,426.517,16207
2015,12,Чернівецька,456.001,17328
2016,1,Чернівецька,638.470,24261
2016,2,Чернівецька,507.771,19295
2016,3,Чернівецька,501.999,19075
2016,4,Чернівецька,386.154,14673
2016,5,Чернівецька,332.569,12637
2016,6,Чернівецька,325.748,12378
2016,7,Чернівецька,311.666,11843
2016,8,Чернівецька,337.684,12831
2016,9,Чернівецька,324.273,12322
2016,10,Чернівецька,387.291,14717
2016,11,Чернівецька,447.433,17002
2016,12,Чернівецька,478.363,18177
2017,1,Чернівецька,610.381,23194
2017,2,Чернівецька,485.432,18446
2017,3,Чернівецька,479.914,18236
2017,4,Чернівецька,369.165,14028
2017,5,Чернівецька,317.937,12081
2017,6,Чернівецька,311.417,11833
2017,7,Чернівецька,297.955,11322
2017,8,Чернівецька,322.828,12267
2017,9,Чернівецька,310.007,11780
2017,10,Чернівецька,370.252,14069
2017,11,Чернівецька,427.748,16254
2017,12,Чернівецька,457.318,17378
2018,1,Чернівецька,635.417,24145
2018,2,Чернівецька,505.343,19203
2018,3,Чернівецька,499.599,18984
2018,4,Чернівецька,384.308,14603
2018,5,Чернівецька,330.978,12577
2018,6,Чернівецька,324.190,12319
2018,7,Чернівецька,310.176,11786
2018,8,Чернівецька,336.070,12770
2018,9,Чернівецька,322.722,12263
2018,10,Чернівецька,385.439,14646
2018,11,Чернівецька,445.294,16921
2018,12,Чернівецька,476.076,18090
2019,1,Чернівецька,614.049,23333
2019,2,Чернівецька,488.350,18557
2019,3,Чернівецька,482.798,18346
2019,4,Чернівецька,371.384,14112
2019,5,Чернівецька,319.848,12154
2019,6,Чернівецька,313.288,11904
2019,7,Чернівецька,299.745,11390
2019,8,Чернівецька,324.768,12341
2019,9,Чернівецька,311.870,11851
2019,10,Чернівецька,372.477,14154
2019,11,Чернівецька,430.319,16352
2019,12,Чернівецька,460.067,17482
2015,1,Чернігівська,705.820,26821
2015,2,Чернігівська,561.335,21330
2015,3,Чернігівська,554.954,21088
2015,4,Чернігівська,426.888,16221
2015,5,Чернігівська,367.650,13970
2015,6,Чернігівська,360.110,13684
2015,7,Чернігівська,344.543,13092
2015,8,Чернігівська,373.306,14185
2015,9,Чернігівська,358.479,13622
2015,10,Чернігівська,428.145,16269
2015,11,Чернігівська,494.632,18796
2015,12,Чернігівська,528.825,20095
2016,1,Чернігівська,732.751,27844
2016,2,Чернігівська,582.753,22144
2016,3,Чернігівська,576.128,21892
2016,4,Чернігівська,443.176,16840
2016,5,Чернігівська,381.678,14503
2016,6,Чернігівська,373.850,14206
2016,7,Чернігівська,357.689,13592
2016,8,Чернігівська,387.549,14726
2016,9,Чернігівська,372.157,14141
2016,10,Чернігівська,444.481,16890
2016,11,Чернігівська,513.504,19513
2016,12,Чернігівська,549.002,20862
2017,1,Чернігівська,693.142,26339
2017,2,Чернігівська,551.252,20947
2017,3,Чернігівська,544.986,20709
2017,4,Чернігівська,419.221,15930
2017,5,Чернігівська,361.047,13719
2017,6,Чернігівська,353.642,13438
2017,7,Чернігівська,338.355,12857
2017,8,Чернігівська,366.600,13930
2017,9,Чернігівська,352.040,13377
2017,10,Чернігівська,420.455,15977
2017,11,Чернігівська,485.747,18458
2017,12,Чернігівська,519.326,19734
2018,1,Чернігівська,713.871,27127
2018,2,Чернігівська,567.737,21574
2018,3,Чернігівська,561.284,21328
2018,4,Чернігівська,431.757,16406
2018,5,Чернігівська,371.844,14130
2018,6,Чернігівська,364.217,13840
2018,7,Чернігівська,348.473,13241
2018,8,Чернігівська,377.563,14347
2018,9,Чернігівська,362.568,13777
2018,10,Чернігівська,433.028,16455
2018,11,Чернігівська,500.273,19010
2018,12,Чернігівська,534.856,20324
2019,1,Чернігівська,682.393,25930
2019,2,Чернігівська,542.703,20622
2019,3,Чернігівська,536.534,20388
2019,4,Чернігівська,412.719,15683
2019,5,Чернігівська,355.447,13507
2019,6,Чернігівська,348.157,13229
2019,7,Чернігівська,333.107,12658
2019,8,Чернігівська,360.915,13714
2019,9,Чернігівська,346.581,13170
2019,10,Чернігівська,413.934,15729
2019,11,Чернігівська,478.214,18172
2019,12,Чернігівська,511.272,19428
2015,1,м.Київ,1697.315,64497
2015,2,м.Київ,1349.865,51294
2015,3,м.Київ,1334.521,50711
2015,4,м.Київ,1026.556,39009
2015,5,м.Київ,884.104,33595
2015,6,м.Київ,865.972,32906
2015,7,м.Київ,828.537,31484
2015,8,м.Київ,897.703,34112
2015,9,м.Київ,862.050,32757
2015,10,м.Київ,1029.578,39123
2015,11,м.Київ,1189.461,45199
2015,12,м.Київ,1271.687,48324
2016,1,м.Київ,1780.221,67648
2016,2,м.Київ,1415.800,53800
2016,3,м.Київ,1399.706,53188
2016,4,м.Київ,1076.698,40914
2016,5,м.Київ,927.288,35236
2016,6,м.Київ,908.270,34514
2016,7,м.Київ,869.007,33022
2016,8,м.Київ,941.552,35778
2016,9,м.Київ,904.157,34357
2016,10,м.Київ,1079.868,41034
2016,11,м.Київ,1247.560,47407
2016,12,м.Київ,1333.803,50684
2017,1,м.Київ,1701.585,64660
2017,2,м.Київ,1353.261,51423
2017,3,м.Київ,1337.878,50839
2017,4,м.Київ,1029.139,39107
2017,5,м.Київ,886.328,33680
2017,6,м.Київ,868.150,32989
2017,7,м.Київ,830.622,31563
2017,8,м.Київ,899.962,34198
2017,9,м.Київ,864.219,32840
2017,10,м.Київ,1032.168,39222
2017,11,м.Київ,1192.453,45313
2017,12,м.Київ,1274.886,48445
2018,1,м.Київ,1771.049,67299
2018,2,м.Київ,1408.505,53523
2018,3,м.Київ,1392.495,52914
2018,4,м.Київ,1071.151,40703
2018,5,м.Київ,922.511,35055
2018,6,м.Київ,903.591,34336
2018,7,м.Київ,864.530,32852
2018,8,м.Київ,936.701,35594
2018,9,м.Київ,899.499,34180
2018,10,м.Київ,1074.305,40823
2018,11,м.Київ,1241.133,47163
2018,12,м.Київ,1326.931,50423
2019,1,м.Київ,1711.171,65024
2019,2,м.Київ,1360.885,51713
2019,3,м.Київ,1345.415,51125
2019,4,м.Київ,1034.936,39327
2019,5,м.Київ,891.322,33870
2019,6,м.Київ,873.041,33175
2019,7,м.Київ,835.301,31741
2019,8,м.Київ,905.032,34391
2019,9,м.Київ,869.088,33025
2019,10,м.Київ,1037.983,39443
2019,11,м.Київ,1199.171,45568
2019,12,м.Київ,1282.068,48718
